dm_x,dm_y,pa2r_x,pa2r_y
366.0,-157.0,672.0,-131.0
365.0,-158.0,671.0,-132.0
364.0,-158.0,670.0,-132.0
363.0,-158.0,669.0,-132.0
362.0,-158.0,668.0,-132.0
361.0,-158.0,667.0,-132.0
360.0,-158.0,666.0,-132.0
359.0,-158.0,665.0,-132.0
358.0,-158.0,664.0,-132.0
357.0,-158.0,663.0,-132.0
356.0,-158.0,662.0,-132.0
355.0,-158.0,661.0,-132.0
354.0,-158.0,660.0,-132.0
353.0,-158.0,659.0,-133.0
352.0,-158.0,658.0,-133.0
351.0,-159.0,657.0,-133.0
350.0,-159.0,656.0,-133.0
349.0,-160.0,655.0,-133.0
348.0,-161.0,654.0,-133.0
347.0,-161.0,653.0,-133.0
346.0,-162.0,652.0,-133.0
345.0,-161.0,651.0,-133.0
344.0,-161.0,650.0,-133.0
343.0,-161.0,649.0,-133.0
342.0,-161.0,648.0,-133.0
341.0,-162.0,647.0,-133.0
340.0,-162.0,646.0,-133.0
339.0,-162.0,645.0,-133.0
338.0,-162.0,644.0,-133.0
337.0,-162.0,643.0,-133.0
338.0,-162.0,642.0,-132.0
339.0,-163.0,641.0,-132.0
340.0,-163.0,640.0,-132.0
341.0,-164.0,639.0,-132.0
340.0,-165.0,638.0,-132.0
339.0,-166.0,637.0,-132.0
339.0,-167.0,636.0,-132.0
338.0,-168.0,635.0,-132.0
338.0,-169.0,634.0,-132.0
338.0,-170.0,633.0,-132.0
339.0,-171.0,632.0,-132.0
339.0,-172.0,631.0,-133.0
340.0,-173.0,630.0,-133.0
341.0,-173.0,629.0,-133.0
342.0,-173.0,628.0,-134.0
343.0,-173.0,627.0,-135.0
344.0,-174.0,626.0,-135.0
343.0,-175.0,625.0,-135.0
342.0,-175.0,624.0,-135.0
341.0,-175.0,623.0,-135.0
340.0,-175.0,622.0,-136.0
339.0,-175.0,621.0,-136.0
339.0,-176.0,620.0,-137.0
338.0,-177.0,619.0,-137.0
338.0,-178.0,618.0,-137.0
337.0,-179.0,617.0,-137.0
336.0,-179.0,616.0,-137.0
336.0,-180.0,615.0,-137.0
336.0,-181.0,614.0,-137.0
337.0,-182.0,613.0,-137.0
337.0,-183.0,612.0,-136.0
337.0,-184.0,611.0,-136.0
338.0,-185.0,610.0,-136.0
339.0,-185.0,609.0,-137.0
340.0,-185.0,608.0,-137.0
341.0,-186.0,607.0,-138.0
342.0,-186.0,606.0,-138.0
343.0,-186.0,605.0,-138.0
344.0,-187.0,604.0,-138.0
345.0,-188.0,603.0,-137.0
346.0,-189.0,602.0,-136.0
347.0,-189.0,602.0,-135.0
348.0,-189.0,601.0,-134.0
349.0,-189.0,600.0,-133.0
350.0,-189.0,599.0,-133.0
351.0,-190.0,598.0,-133.0
352.0,-190.0,597.0,-133.0
353.0,-191.0,596.0,-133.0
354.0,-191.0,595.0,-133.0
355.0,-192.0,594.0,-133.0
356.0,-192.0,593.0,-133.0
357.0,-192.0,592.0,-133.0
358.0,-193.0,591.0,-133.0
359.0,-194.0,590.0,-133.0
360.0,-194.0,589.0,-133.0
361.0,-195.0,588.0,-133.0
362.0,-195.0,587.0,-134.0
363.0,-196.0,586.0,-134.0
364.0,-196.0,585.0,-134.0
365.0,-197.0,584.0,-134.0
366.0,-197.0,583.0,-134.0
367.0,-197.0,582.0,-134.0
368.0,-197.0,581.0,-135.0
369.0,-197.0,580.0,-136.0
370.0,-197.0,579.0,-137.0
371.0,-197.0,578.0,-137.0
372.0,-198.0,577.0,-137.0
373.0,-198.0,576.0,-136.0
374.0,-199.0,575.0,-137.0
375.0,-199.0,574.0,-137.0
376.0,-199.0,573.0,-137.0
377.0,-200.0,572.0,-137.0
378.0,-200.0,571.0,-137.0
379.0,-200.0,570.0,-137.0
380.0,-200.0,569.0,-137.0
381.0,-200.0,568.0,-137.0
382.0,-200.0,567.0,-137.0
383.0,-200.0,566.0,-137.0
384.0,-200.0,565.0,-137.0
385.0,-201.0,564.0,-137.0
386.0,-201.0,563.0,-137.0
387.0,-202.0,562.0,-137.0
388.0,-202.0,561.0,-137.0
389.0,-202.0,560.0,-136.0
390.0,-203.0,559.0,-135.0
391.0,-203.0,558.0,-135.0
392.0,-204.0,557.0,-135.0
393.0,-204.0,556.0,-135.0
394.0,-205.0,555.0,-135.0
395.0,-205.0,554.0,-135.0
396.0,-205.0,553.0,-135.0
397.0,-206.0,552.0,-135.0
398.0,-207.0,551.0,-135.0
399.0,-207.0,550.0,-135.0
400.0,-207.0,549.0,-134.0
401.0,-208.0,548.0,-135.0
402.0,-208.0,547.0,-135.0
403.0,-208.0,546.0,-135.0
404.0,-208.0,547.0,-135.0
405.0,-209.0,548.0,-136.0
406.0,-209.0,547.0,-137.0
407.0,-209.0,546.0,-137.0
408.0,-210.0,545.0,-137.0
409.0,-210.0,544.0,-137.0
410.0,-210.0,543.0,-137.0
411.0,-211.0,542.0,-137.0
412.0,-211.0,541.0,-137.0
413.0,-212.0,540.0,-137.0
414.0,-212.0,539.0,-137.0
415.0,-212.0,538.0,-137.0
416.0,-212.0,537.0,-137.0
417.0,-213.0,536.0,-137.0
418.0,-213.0,535.0,-138.0
419.0,-213.0,534.0,-138.0
420.0,-214.0,533.0,-138.0
421.0,-214.0,532.0,-138.0
422.0,-214.0,531.0,-138.0
423.0,-214.0,530.0,-138.0
424.0,-214.0,529.0,-138.0
425.0,-214.0,528.0,-138.0
426.0,-215.0,527.0,-138.0
427.0,-215.0,526.0,-138.0
428.0,-216.0,525.0,-138.0
429.0,-216.0,524.0,-138.0
430.0,-216.0,523.0,-138.0
431.0,-216.0,522.0,-138.0
432.0,-216.0,521.0,-138.0
433.0,-217.0,520.0,-138.0
434.0,-217.0,519.0,-138.0
435.0,-218.0,518.0,-138.0
436.0,-218.0,519.0,-139.0
437.0,-219.0,519.0,-140.0
438.0,-219.0,518.0,-141.0
439.0,-220.0,517.0,-141.0
440.0,-220.0,516.0,-140.0
441.0,-221.0,515.0,-140.0
442.0,-221.0,514.0,-140.0
443.0,-222.0,513.0,-140.0
444.0,-222.0,512.0,-141.0
445.0,-222.0,511.0,-141.0
446.0,-222.0,510.0,-141.0
447.0,-222.0,509.0,-141.0
448.0,-223.0,508.0,-141.0
449.0,-223.0,507.0,-142.0
450.0,-223.0,506.0,-142.0
451.0,-224.0,505.0,-142.0
452.0,-224.0,504.0,-142.0
453.0,-225.0,503.0,-142.0
454.0,-225.0,502.0,-143.0
455.0,-225.0,503.0,-143.0
456.0,-226.0,504.0,-144.0
457.0,-226.0,505.0,-145.0
458.0,-227.0,506.0,-146.0
459.0,-227.0,506.0,-147.0
460.0,-227.0,507.0,-148.0
461.0,-227.0,507.0,-149.0
462.0,-227.0,506.0,-150.0
463.0,-227.0,507.0,-151.0
464.0,-228.0,507.0,-152.0
465.0,-228.0,507.0,-153.0
466.0,-228.0,508.0,-153.0
467.0,-228.0,509.0,-153.0
468.0,-229.0,510.0,-153.0
469.0,-229.0,511.0,-154.0
470.0,-229.0,511.0,-155.0
471.0,-230.0,511.0,-156.0
472.0,-230.0,511.0,-157.0
473.0,-230.0,511.0,-158.0
474.0,-231.0,512.0,-158.0
475.0,-231.0,513.0,-159.0
476.0,-232.0,513.0,-160.0
477.0,-232.0,513.0,-161.0
478.0,-233.0,514.0,-162.0
479.0,-233.0,515.0,-162.0
480.0,-233.0,516.0,-163.0
481.0,-234.0,517.0,-163.0
482.0,-234.0,518.0,-163.0
483.0,-234.0,519.0,-164.0
484.0,-235.0,520.0,-164.0
485.0,-235.0,521.0,-164.0
486.0,-236.0,522.0,-164.0
487.0,-236.0,523.0,-165.0
488.0,-237.0,524.0,-165.0
489.0,-237.0,525.0,-165.0
490.0,-237.0,526.0,-166.0
491.0,-238.0,527.0,-166.0
492.0,-239.0,528.0,-167.0
493.0,-239.0,529.0,-167.0
494.0,-239.0,530.0,-167.0
495.0,-240.0,531.0,-167.0
496.0,-240.0,532.0,-168.0
497.0,-241.0,533.0,-168.0
498.0,-241.0,534.0,-168.0
499.0,-241.0,535.0,-168.0
500.0,-241.0,536.0,-169.0
501.0,-242.0,537.0,-169.0
502.0,-242.0,538.0,-169.0
503.0,-242.0,539.0,-169.0
504.0,-243.0,540.0,-169.0
505.0,-243.0,541.0,-169.0
506.0,-244.0,542.0,-169.0
507.0,-244.0,543.0,-170.0
508.0,-245.0,544.0,-170.0
509.0,-245.0,545.0,-170.0
510.0,-245.0,546.0,-170.0
511.0,-245.0,547.0,-170.0
512.0,-246.0,548.0,-170.0
513.0,-247.0,549.0,-170.0
514.0,-247.0,550.0,-170.0
515.0,-248.0,551.0,-171.0
516.0,-248.0,552.0,-171.0
517.0,-249.0,553.0,-171.0
518.0,-249.0,554.0,-170.0
519.0,-249.0,555.0,-170.0
520.0,-250.0,556.0,-170.0
521.0,-251.0,557.0,-171.0
522.0,-251.0,558.0,-172.0
523.0,-251.0,559.0,-172.0
524.0,-252.0,560.0,-172.0
525.0,-252.0,561.0,-172.0
526.0,-253.0,562.0,-172.0
527.0,-253.0,563.0,-172.0
528.0,-254.0,564.0,-172.0
529.0,-254.0,565.0,-171.0
530.0,-254.0,566.0,-171.0
531.0,-255.0,567.0,-172.0
532.0,-255.0,567.0,-173.0
533.0,-255.0,567.0,-174.0
534.0,-255.0,568.0,-174.0
535.0,-255.0,569.0,-175.0
536.0,-256.0,570.0,-175.0
535.0,-257.0,571.0,-175.0
536.0,-257.0,572.0,-175.0
537.0,-257.0,573.0,-175.0
538.0,-258.0,574.0,-176.0
539.0,-259.0,575.0,-176.0
540.0,-260.0,576.0,-176.0
541.0,-260.0,577.0,-176.0
542.0,-261.0,578.0,-176.0
543.0,-261.0,579.0,-176.0
544.0,-262.0,580.0,-176.0
545.0,-262.0,581.0,-176.0
546.0,-262.0,582.0,-176.0
547.0,-262.0,583.0,-177.0
548.0,-262.0,584.0,-177.0
549.0,-263.0,585.0,-177.0
549.0,-264.0,586.0,-177.0
550.0,-264.0,587.0,-177.0
551.0,-264.0,588.0,-177.0
552.0,-264.0,589.0,-177.0
553.0,-264.0,590.0,-177.0
554.0,-265.0,591.0,-178.0
555.0,-265.0,592.0,-178.0
556.0,-265.0,593.0,-178.0
557.0,-265.0,594.0,-178.0
558.0,-264.0,595.0,-179.0
559.0,-263.0,596.0,-179.0
560.0,-262.0,597.0,-179.0
561.0,-262.0,598.0,-179.0
562.0,-262.0,599.0,-179.0
563.0,-262.0,600.0,-179.0
564.0,-261.0,601.0,-180.0
565.0,-261.0,602.0,-180.0
566.0,-261.0,603.0,-181.0
566.0,-260.0,604.0,-181.0
566.0,-259.0,605.0,-182.0
567.0,-258.0,606.0,-182.0
567.0,-257.0,607.0,-182.0
567.0,-256.0,608.0,-182.0
568.0,-255.0,609.0,-182.0
569.0,-255.0,610.0,-182.0
570.0,-254.0,611.0,-182.0
571.0,-254.0,612.0,-182.0
572.0,-254.0,613.0,-182.0
573.0,-253.0,614.0,-182.0
573.0,-252.0,615.0,-182.0
573.0,-251.0,616.0,-183.0
573.0,-250.0,617.0,-183.0
574.0,-249.0,618.0,-183.0
574.0,-248.0,619.0,-183.0
575.0,-247.0,620.0,-184.0
576.0,-246.0,621.0,-184.0
576.0,-245.0,622.0,-184.0
577.0,-244.0,623.0,-184.0
578.0,-243.0,624.0,-184.0
579.0,-243.0,625.0,-185.0
579.0,-242.0,626.0,-185.0
580.0,-241.0,627.0,-185.0
581.0,-241.0,628.0,-185.0
582.0,-240.0,629.0,-185.0
583.0,-240.0,630.0,-186.0
582.0,-239.0,631.0,-186.0
581.0,-238.0,632.0,-186.0
580.0,-237.0,633.0,-187.0
581.0,-236.0,634.0,-187.0
582.0,-235.0,635.0,-187.0
583.0,-235.0,636.0,-187.0
584.0,-235.0,637.0,-188.0
585.0,-235.0,638.0,-188.0
586.0,-236.0,639.0,-189.0
587.0,-235.0,640.0,-189.0
588.0,-235.0,641.0,-190.0
588.0,-234.0,642.0,-190.0
589.0,-233.0,643.0,-190.0
589.0,-232.0,644.0,-190.0
589.0,-231.0,645.0,-190.0
588.0,-230.0,646.0,-191.0
589.0,-229.0,647.0,-191.0
590.0,-229.0,648.0,-191.0
591.0,-229.0,649.0,-191.0
592.0,-229.0,650.0,-192.0
593.0,-230.0,651.0,-192.0
594.0,-229.0,652.0,-192.0
595.0,-229.0,653.0,-192.0
596.0,-229.0,654.0,-193.0
597.0,-229.0,655.0,-193.0
598.0,-228.0,656.0,-193.0
599.0,-228.0,657.0,-194.0
600.0,-228.0,658.0,-194.0
601.0,-228.0,659.0,-195.0
601.0,-227.0,660.0,-195.0
602.0,-226.0,661.0,-195.0
603.0,-225.0,662.0,-195.0
604.0,-225.0,663.0,-196.0
605.0,-224.0,664.0,-196.0
606.0,-223.0,665.0,-196.0
607.0,-223.0,666.0,-196.0
608.0,-222.0,667.0,-197.0
609.0,-221.0,668.0,-197.0
610.0,-221.0,669.0,-197.0
611.0,-220.0,670.0,-197.0
612.0,-220.0,671.0,-197.0
613.0,-219.0,672.0,-198.0
614.0,-218.0,673.0,-198.0
615.0,-217.0,674.0,-198.0
615.0,-216.0,675.0,-199.0
616.0,-215.0,676.0,-199.0
616.0,-214.0,677.0,-199.0
617.0,-213.0,678.0,-199.0
618.0,-213.0,679.0,-200.0
619.0,-213.0,680.0,-200.0
620.0,-213.0,681.0,-200.0
621.0,-213.0,682.0,-200.0
622.0,-213.0,683.0,-201.0
623.0,-213.0,684.0,-201.0
624.0,-212.0,685.0,-201.0
623.0,-211.0,686.0,-201.0
622.0,-210.0,687.0,-202.0
623.0,-209.0,688.0,-202.0
624.0,-209.0,689.0,-202.0
625.0,-209.0,690.0,-202.0
626.0,-209.0,691.0,-203.0
627.0,-210.0,692.0,-203.0
628.0,-209.0,693.0,-203.0
629.0,-208.0,694.0,-203.0
629.0,-207.0,695.0,-204.0
630.0,-206.0,696.0,-204.0
631.0,-206.0,697.0,-204.0
632.0,-205.0,698.0,-204.0
633.0,-205.0,699.0,-205.0
634.0,-204.0,700.0,-205.0
635.0,-203.0,701.0,-205.0
636.0,-202.0,702.0,-205.0
637.0,-201.0,703.0,-206.0
638.0,-201.0,704.0,-206.0
639.0,-200.0,705.0,-206.0
639.0,-199.0,706.0,-206.0
640.0,-198.0,707.0,-207.0
641.0,-197.0,708.0,-207.0
641.0,-196.0,709.0,-207.0
641.0,-195.0,710.0,-207.0
640.0,-194.0,711.0,-207.0
639.0,-193.0,712.0,-207.0
638.0,-192.0,713.0,-207.0
637.0,-192.0,714.0,-208.0
636.0,-192.0,715.0,-208.0
635.0,-192.0,716.0,-208.0
634.0,-191.0,717.0,-208.0
633.0,-191.0,718.0,-209.0
632.0,-191.0,719.0,-209.0
631.0,-191.0,720.0,-209.0
630.0,-190.0,721.0,-209.0
629.0,-190.0,722.0,-210.0
628.0,-190.0,723.0,-210.0
627.0,-189.0,724.0,-210.0
626.0,-189.0,725.0,-211.0
625.0,-189.0,726.0,-212.0
624.0,-189.0,727.0,-212.0
623.0,-189.0,728.0,-212.0
622.0,-189.0,729.0,-213.0
621.0,-189.0,730.0,-213.0
620.0,-189.0,731.0,-214.0
619.0,-189.0,732.0,-214.0
618.0,-189.0,733.0,-215.0
617.0,-188.0,734.0,-215.0
616.0,-188.0,735.0,-215.0
615.0,-187.0,736.0,-215.0
614.0,-187.0,737.0,-215.0
613.0,-186.0,738.0,-215.0
612.0,-186.0,739.0,-215.0
611.0,-186.0,740.0,-215.0
610.0,-186.0,741.0,-216.0
609.0,-186.0,742.0,-216.0
608.0,-186.0,743.0,-217.0
607.0,-186.0,744.0,-217.0
606.0,-185.0,745.0,-216.0
605.0,-185.0,746.0,-216.0
604.0,-185.0,747.0,-216.0
603.0,-185.0,748.0,-217.0
602.0,-184.0,749.0,-217.0
601.0,-184.0,750.0,-217.0
600.0,-184.0,751.0,-217.0
599.0,-183.0,752.0,-217.0
598.0,-183.0,753.0,-218.0
597.0,-183.0,752.0,-219.0
596.0,-183.0,751.0,-220.0
595.0,-183.0,750.0,-220.0
594.0,-183.0,749.0,-220.0
593.0,-183.0,750.0,-220.0
592.0,-183.0,751.0,-220.0
591.0,-183.0,752.0,-220.0
590.0,-183.0,753.0,-220.0
589.0,-183.0,754.0,-220.0
588.0,-183.0,755.0,-221.0
587.0,-182.0,755.0,-222.0
586.0,-182.0,756.0,-222.0
585.0,-182.0,757.0,-223.0
584.0,-182.0,758.0,-223.0
583.0,-181.0,759.0,-222.0
582.0,-181.0,760.0,-222.0
581.0,-182.0,761.0,-222.0
580.0,-182.0,762.0,-223.0
579.0,-182.0,762.0,-224.0
578.0,-181.0,761.0,-225.0
577.0,-181.0,760.0,-225.0
576.0,-180.0,761.0,-225.0
575.0,-179.0,762.0,-224.0
574.0,-179.0,763.0,-224.0
573.0,-179.0,764.0,-224.0
572.0,-179.0,765.0,-225.0
571.0,-179.0,766.0,-226.0
570.0,-179.0,767.0,-226.0
569.0,-179.0,768.0,-226.0
568.0,-179.0,769.0,-227.0
567.0,-178.0,769.0,-228.0
566.0,-178.0,770.0,-228.0
565.0,-178.0,771.0,-228.0
564.0,-178.0,772.0,-228.0
563.0,-178.0,773.0,-228.0
562.0,-178.0,774.0,-228.0
561.0,-177.0,775.0,-228.0
560.0,-177.0,776.0,-228.0
559.0,-177.0,777.0,-228.0
558.0,-176.0,778.0,-228.0
557.0,-176.0,779.0,-228.0
556.0,-176.0,780.0,-228.0
555.0,-176.0,781.0,-228.0
554.0,-176.0,782.0,-228.0
553.0,-176.0,783.0,-229.0
552.0,-176.0,784.0,-229.0
551.0,-176.0,785.0,-229.0
550.0,-176.0,786.0,-228.0
549.0,-176.0,787.0,-228.0
548.0,-176.0,788.0,-228.0
547.0,-175.0,789.0,-228.0
546.0,-175.0,790.0,-228.0
545.0,-174.0,791.0,-228.0
544.0,-174.0,792.0,-228.0
543.0,-174.0,793.0,-227.0
542.0,-174.0,794.0,-226.0
541.0,-174.0,795.0,-226.0
540.0,-174.0,796.0,-226.0
539.0,-174.0,797.0,-225.0
538.0,-173.0,798.0,-225.0
537.0,-173.0,799.0,-225.0
536.0,-172.0,800.0,-225.0
535.0,-172.0,801.0,-225.0
534.0,-172.0,802.0,-225.0
533.0,-171.0,803.0,-224.0
532.0,-171.0,804.0,-224.0
531.0,-171.0,805.0,-224.0
530.0,-171.0,806.0,-224.0
529.0,-170.0,807.0,-224.0
528.0,-170.0,808.0,-224.0
527.0,-170.0,809.0,-224.0
526.0,-170.0,810.0,-223.0
525.0,-170.0,811.0,-223.0
524.0,-170.0,812.0,-223.0
523.0,-170.0,812.0,-222.0
522.0,-170.0,812.0,-221.0
521.0,-170.0,812.0,-220.0
520.0,-169.0,811.0,-220.0
519.0,-168.0,810.0,-220.0
518.0,-168.0,809.0,-220.0
517.0,-167.0,808.0,-220.0
516.0,-167.0,807.0,-219.0
515.0,-167.0,806.0,-219.0
514.0,-167.0,805.0,-218.0
513.0,-166.0,806.0,-217.0
512.0,-166.0,807.0,-217.0
511.0,-166.0,807.0,-216.0
510.0,-165.0,808.0,-215.0
509.0,-165.0,809.0,-215.0
508.0,-165.0,810.0,-215.0
507.0,-164.0,811.0,-215.0
506.0,-164.0,812.0,-216.0
505.0,-164.0,813.0,-215.0
504.0,-163.0,814.0,-215.0
503.0,-163.0,815.0,-215.0
502.0,-163.0,816.0,-215.0
501.0,-163.0,817.0,-215.0
500.0,-164.0,818.0,-216.0
499.0,-164.0,819.0,-216.0
498.0,-164.0,820.0,-217.0
497.0,-164.0,821.0,-218.0
496.0,-164.0,822.0,-219.0
495.0,-164.0,823.0,-218.0
494.0,-164.0,824.0,-217.0
493.0,-165.0,825.0,-217.0
492.0,-165.0,826.0,-216.0
492.0,-166.0,827.0,-215.0
491.0,-167.0,828.0,-215.0
490.0,-167.0,827.0,-214.0
489.0,-167.0,826.0,-213.0
488.0,-167.0,825.0,-213.0
487.0,-167.0,824.0,-213.0
486.0,-167.0,823.0,-212.0
485.0,-167.0,823.0,-211.0
484.0,-167.0,824.0,-210.0
483.0,-168.0,825.0,-210.0
482.0,-168.0,826.0,-210.0
481.0,-168.0,827.0,-210.0
480.0,-168.0,828.0,-209.0
479.0,-168.0,829.0,-209.0
478.0,-167.0,830.0,-209.0
477.0,-167.0,831.0,-210.0
476.0,-167.0,832.0,-210.0
475.0,-167.0,833.0,-211.0
474.0,-167.0,834.0,-211.0
473.0,-167.0,835.0,-211.0
472.0,-167.0,836.0,-211.0
471.0,-167.0,837.0,-210.0
470.0,-167.0,838.0,-210.0
469.0,-166.0,839.0,-210.0
468.0,-166.0,840.0,-209.0
467.0,-165.0,841.0,-209.0
466.0,-165.0,842.0,-208.0
465.0,-165.0,843.0,-208.0
464.0,-165.0,844.0,-207.0
463.0,-165.0,845.0,-207.0
462.0,-165.0,846.0,-207.0
461.0,-165.0,846.0,-206.0
460.0,-165.0,847.0,-205.0
459.0,-165.0,848.0,-204.0
458.0,-165.0,849.0,-204.0
457.0,-165.0,850.0,-203.0
456.0,-165.0,851.0,-202.0
455.0,-165.0,852.0,-202.0
454.0,-164.0,853.0,-202.0
453.0,-164.0,853.0,-201.0
452.0,-164.0,854.0,-200.0
451.0,-164.0,854.0,-199.0
450.0,-164.0,855.0,-198.0
449.0,-164.0,855.0,-197.0
448.0,-164.0,856.0,-196.0
447.0,-164.0,857.0,-196.0
446.0,-164.0,858.0,-196.0
445.0,-164.0,859.0,-196.0
444.0,-164.0,860.0,-196.0
443.0,-164.0,861.0,-195.0
442.0,-164.0,861.0,-194.0
441.0,-164.0,862.0,-193.0
440.0,-164.0,863.0,-193.0
439.0,-164.0,864.0,-192.0
438.0,-164.0,865.0,-191.0
437.0,-163.0,866.0,-191.0
436.0,-163.0,867.0,-190.0
435.0,-163.0,868.0,-189.0
434.0,-163.0,869.0,-188.0
433.0,-163.0,870.0,-188.0
432.0,-163.0,871.0,-187.0
431.0,-163.0,872.0,-187.0
430.0,-163.0,871.0,-187.0
429.0,-163.0,870.0,-186.0
428.0,-163.0,870.0,-185.0
427.0,-163.0,871.0,-184.0
426.0,-163.0,872.0,-184.0
425.0,-163.0,873.0,-184.0
424.0,-163.0,874.0,-184.0
423.0,-163.0,875.0,-183.0
422.0,-163.0,876.0,-182.0
421.0,-162.0,876.0,-181.0
420.0,-162.0,877.0,-180.0
419.0,-162.0,878.0,-180.0
418.0,-162.0,879.0,-180.0
417.0,-162.0,880.0,-179.0
416.0,-162.0,881.0,-179.0
415.0,-163.0,882.0,-178.0
414.0,-163.0,883.0,-177.0
413.0,-163.0,884.0,-176.0
412.0,-163.0,885.0,-176.0
411.0,-162.0,886.0,-176.0
412.0,-161.0,887.0,-175.0
411.0,-161.0,888.0,-174.0
410.0,-161.0,889.0,-173.0
409.0,-161.0,890.0,-173.0
408.0,-161.0,891.0,-172.0
407.0,-161.0,892.0,-171.0
406.0,-160.0,893.0,-171.0
405.0,-160.0,892.0,-170.0
404.0,-160.0,891.0,-170.0
403.0,-160.0,890.0,-169.0
402.0,-160.0,890.0,-168.0
401.0,-160.0,891.0,-167.0
400.0,-160.0,892.0,-166.0
399.0,-160.0,893.0,-166.0
398.0,-160.0,893.0,-165.0
397.0,-160.0,893.0,-164.0
396.0,-159.0,892.0,-163.0
395.0,-158.0,892.0,-162.0
394.0,-158.0,891.0,-162.0
393.0,-158.0,890.0,-162.0
392.0,-158.0,889.0,-161.0
391.0,-158.0,890.0,-160.0
390.0,-158.0,891.0,-160.0
389.0,-158.0,892.0,-159.0
388.0,-158.0,891.0,-158.0
387.0,-158.0,890.0,-157.0
386.0,-158.0,889.0,-156.0
385.0,-158.0,888.0,-155.0
384.0,-158.0,888.0,-154.0
383.0,-158.0,888.0,-153.0
382.0,-157.0,887.0,-152.0
381.0,-157.0,887.0,-151.0
380.0,-157.0,886.0,-150.0
379.0,-157.0,885.0,-150.0
378.0,-158.0,884.0,-150.0
377.0,-158.0,883.0,-150.0
376.0,-158.0,882.0,-150.0
375.0,-158.0,881.0,-150.0
374.0,-158.0,880.0,-150.0
373.0,-158.0,879.0,-150.0
372.0,-158.0,878.0,-150.0
371.0,-158.0,877.0,-150.0
370.0,-158.0,876.0,-150.0
369.0,-158.0,875.0,-150.0
368.0,-158.0,874.0,-149.0
367.0,-157.0,873.0,-149.0
,,872.0,-149.0
,,871.0,-150.0
,,870.0,-150.0
,,869.0,-150.0
,,868.0,-150.0
,,867.0,-150.0
,,866.0,-150.0
,,865.0,-150.0
,,864.0,-150.0
,,863.0,-150.0
,,862.0,-150.0
,,861.0,-150.0
,,860.0,-150.0
,,859.0,-150.0
,,858.0,-151.0
,,857.0,-151.0
,,856.0,-151.0
,,855.0,-151.0
,,854.0,-150.0
,,853.0,-150.0
,,852.0,-150.0
,,851.0,-150.0
,,850.0,-150.0
,,849.0,-150.0
,,848.0,-150.0
,,847.0,-150.0
,,846.0,-150.0
,,845.0,-150.0
,,844.0,-150.0
,,843.0,-150.0
,,842.0,-150.0
,,841.0,-150.0
,,840.0,-150.0
,,839.0,-150.0
,,838.0,-150.0
,,837.0,-149.0
,,836.0,-149.0
,,835.0,-149.0
,,834.0,-149.0
,,833.0,-149.0
,,832.0,-148.0
,,831.0,-148.0
,,830.0,-149.0
,,829.0,-149.0
,,828.0,-148.0
,,827.0,-148.0
,,826.0,-148.0
,,825.0,-148.0
,,824.0,-147.0
,,823.0,-147.0
,,822.0,-146.0
,,821.0,-146.0
,,820.0,-146.0
,,819.0,-145.0
,,818.0,-145.0
,,817.0,-145.0
,,816.0,-145.0
,,815.0,-145.0
,,814.0,-145.0
,,813.0,-144.0
,,812.0,-144.0
,,811.0,-144.0
,,810.0,-144.0
,,809.0,-144.0
,,808.0,-144.0
,,807.0,-144.0
,,806.0,-144.0
,,805.0,-144.0
,,804.0,-143.0
,,803.0,-143.0
,,802.0,-143.0
,,801.0,-143.0
,,800.0,-143.0
,,799.0,-143.0
,,798.0,-143.0
,,797.0,-143.0
,,796.0,-143.0
,,795.0,-142.0
,,794.0,-142.0
,,793.0,-142.0
,,792.0,-141.0
,,791.0,-141.0
,,790.0,-141.0
,,789.0,-141.0
,,788.0,-141.0
,,787.0,-140.0
,,786.0,-140.0
,,785.0,-140.0
,,784.0,-140.0
,,783.0,-139.0
,,782.0,-139.0
,,781.0,-139.0
,,780.0,-139.0
,,779.0,-138.0
,,778.0,-138.0
,,777.0,-138.0
,,776.0,-138.0
,,775.0,-138.0
,,774.0,-138.0
,,773.0,-138.0
,,772.0,-137.0
,,771.0,-137.0
,,770.0,-137.0
,,769.0,-137.0
,,768.0,-137.0
,,767.0,-137.0
,,766.0,-137.0
,,765.0,-136.0
,,764.0,-136.0
,,763.0,-136.0
,,762.0,-136.0
,,761.0,-136.0
,,760.0,-136.0
,,759.0,-136.0
,,758.0,-136.0
,,757.0,-136.0
,,756.0,-135.0
,,755.0,-135.0
,,754.0,-135.0
,,753.0,-134.0
,,752.0,-134.0
,,751.0,-134.0
,,750.0,-134.0
,,749.0,-134.0
,,748.0,-133.0
,,747.0,-133.0
,,746.0,-133.0
,,745.0,-133.0
,,744.0,-132.0
,,743.0,-132.0
,,742.0,-132.0
,,741.0,-132.0
,,740.0,-132.0
,,739.0,-132.0
,,738.0,-132.0
,,737.0,-132.0
,,736.0,-132.0
,,735.0,-132.0
,,734.0,-132.0
,,733.0,-132.0
,,732.0,-132.0
,,731.0,-132.0
,,730.0,-131.0
,,729.0,-131.0
,,728.0,-132.0
,,727.0,-132.0
,,726.0,-132.0
,,725.0,-131.0
,,724.0,-131.0
,,723.0,-131.0
,,722.0,-131.0
,,721.0,-132.0
,,720.0,-132.0
,,719.0,-132.0
,,718.0,-131.0
,,717.0,-131.0
,,716.0,-131.0
,,715.0,-131.0
,,714.0,-131.0
,,713.0,-131.0
,,712.0,-131.0
,,711.0,-131.0
,,710.0,-131.0
,,709.0,-131.0
,,708.0,-131.0
,,707.0,-131.0
,,706.0,-131.0
,,705.0,-131.0
,,704.0,-131.0
,,703.0,-131.0
,,702.0,-131.0
,,701.0,-131.0
,,700.0,-131.0
,,699.0,-131.0
,,698.0,-131.0
,,697.0,-131.0
,,696.0,-131.0
,,695.0,-131.0
,,694.0,-131.0
,,693.0,-132.0
,,692.0,-132.0
,,691.0,-132.0
,,690.0,-132.0
,,689.0,-132.0
,,688.0,-132.0
,,687.0,-131.0
,,686.0,-131.0
,,685.0,-131.0
,,684.0,-131.0
,,683.0,-131.0
,,682.0,-131.0
,,681.0,-131.0
,,680.0,-131.0
,,679.0,-131.0
,,678.0,-131.0
,,677.0,-131.0
,,676.0,-131.0
,,675.0,-131.0
,,674.0,-131.0
,,673.0,-131.0
